<?xml version="1.0" encoding="UTF-8"?>
<ECN-Game xmlns:xsi="http://www.w3.org/2001/XMLSchema-instance" xsi:noNamespaceSchemaLocation="CodeNames-v1.xsd">
	<ECN-Words>
		<ECN-Game-Words>
encapsulation german poland kombat waffele whom leg character terms else camel rabbit fire text element sky item robot past dune dolphine then it am quality eye moon 
		</ECN-Game-Words>
		<ECN-Black-Words>
mouce door gameDataLoader use doom sign screen do bomb red later whale white hello than which england morning dirt tree thrown water trash ranch she sand squad desk present where
		</ECN-Black-Words>
	</ECN-Words>
	<ECN-Board black-cards-count="0" cards-count="12">
		<ECN-Layout rows="4" columns="3"/>
	</ECN-Board>
	<ECN-Team1 name="R1" cards-count="4"/>
	<ECN-Team2 name="R2" cards-count="3"/>
</ECN-Game>
